transaction_id,wallet_id,amount,timestamp,country,merchant,wallet_age_days,previous_transactions
TX0,WALLET003,208,2026-08-28 20:46:32.271973,Pakistan,Coinbase,178,333
TX1,WALLET004,158051,2026-02-12 20:46:32.272014,UK,Kraken,206,133
TX2,WALLET002,1562,2026-09-18 20:46:32.272025,UK,Coinbase,690,383
TX3,WALLET005,3715,2025-12-28 20:46:32.272032,Russia,Kraken,664,372
TX4,WALLET003,3265,2025-10-28 20:46:32.272038,Russia,Coinbase,832,177
TX5,WALLET005,2371,2025-10-29 20:46:32.272044,Pakistan,Kraken,667,203
TX6,WALLET003,3048,2026-07-15 20:46:32.272050,UK,Kraken,164,16
TX7,WALLET005,934,2025-10-03 20:46:32.272055,USA,Coinbase,384,153
TX8,WALLET004,4168,2026-04-06 20:46:32.272061,Pakistan,Kraken,56,374
TX9,WALLET003,2808,2026-04-12 20:46:32.272067,Pakistan,Coinbase,763,116
TX10,WALLET004,3139,2025-11-23 20:46:32.272084,UK,Binance,103,398
TX11,WALLET001,4917,2025-12-24 20:46:32.272091,Germany,Coinbase,798,81
TX12,WALLET003,1411,2025-09-22 20:46:32.272096,UK,Coinbase,336,335
TX13,WALLET002,3948,2026-02-21 20:46:32.272103,Germany,Coinbase,264,278
TX14,WALLET001,4876,2026-02-02 20:46:32.272108,UK,Binance,746,379
TX15,WALLET003,4170,2026-04-07 20:46:32.272113,UK,Kraken,36,155
TX16,WALLET002,4459,2025-10-18 20:46:32.272118,Germany,Kraken,982,137
TX17,WALLET005,3028,2026-08-25 20:46:32.272133,USA,Coinbase,210,479
TX18,WALLET002,2318,2026-04-27 20:46:32.272138,USA,Kraken,194,47
TX19,WALLET001,4106,2026-01-12 20:46:32.272143,UK,Binance,101,318
TX20,WALLET005,2566,2026-07-07 20:46:32.272148,Russia,Binance,640,187
TX21,WALLET004,4798,2026-03-19 20:46:32.272153,Russia,Kraken,998,271
TX22,WALLET004,1143,2025-11-06 20:46:32.272159,UK,Binance,244,130
TX23,WALLET002,1794,2026-06-06 20:46:32.272164,Germany,Kraken,908,293
TX24,WALLET004,3177,2025-09-26 20:46:32.272169,UK,Kraken,541,472
TX25,WALLET004,2263,2026-04-03 20:46:32.272175,UK,Coinbase,356,344
TX26,WALLET004,839,2026-01-09 20:46:32.272180,Pakistan,Binance,244,36
TX27,WALLET001,170,2026-02-24 20:46:32.272186,Germany,Kraken,398,335
TX28,WALLET001,2290,2026-05-24 20:46:32.272200,Germany,Coinbase,827,400
TX29,WALLET001,2922,2026-07-24 20:46:32.272206,Pakistan,Kraken,22,328
TX30,WALLET005,2296,2026-08-26 20:46:32.272219,UK,Binance,135,421
TX31,WALLET003,1500,2026-08-17 20:46:32.272225,UK,Binance,523,42
TX32,WALLET001,4091,2026-01-15 20:46:32.272230,USA,Binance,42,484
TX33,WALLET001,3603,2026-09-02 20:46:32.272236,UK,Binance,865,128
TX34,WALLET004,3601,2025-12-09 20:46:32.272241,Pakistan,Coinbase,510,334
TX35,WALLET003,3425,2025-12-30 20:46:32.272246,Germany,Coinbase,844,179
TX36,WALLET001,621,2026-08-01 20:46:32.272251,Germany,Binance,968,68
TX37,WALLET001,2509,2026-02-28 20:46:32.272256,Germany,Binance,560,32
TX38,WALLET003,131697,2026-03-27 20:46:32.272262,USA,Binance,290,305
TX39,WALLET004,2300,2026-02-23 20:46:32.272267,Germany,Binance,736,295
TX40,WALLET003,4439,2025-11-12 20:46:32.272272,UK,Kraken,913,223
TX41,WALLET002,4560,2026-06-10 20:46:32.272277,Germany,Kraken,593,464
TX42,WALLET001,4949,2025-10-24 20:46:32.272282,USA,Binance,441,333
TX43,WALLET002,866,2026-04-04 20:46:32.272287,USA,Binance,137,125
TX44,WALLET004,1341,2026-09-06 20:46:32.272292,UK,Kraken,203,331
TX45,WALLET003,4634,2026-09-07 20:46:32.272297,Russia,Binance,245,4
TX46,WALLET001,2741,2025-09-21 20:46:32.272302,Germany,Binance,182,488
TX47,WALLET001,3190,2026-04-18 20:46:32.272307,USA,Coinbase,82,157
TX48,WALLET005,3401,2026-03-31 20:46:32.272312,Russia,Coinbase,809,254
TX49,WALLET004,3330,2025-12-02 20:46:32.272325,Pakistan,Binance,762,385
TX50,WALLET001,47,2026-04-08 20:46:32.272332,Russia,Kraken,86,14
TX51,WALLET004,429,2025-10-29 20:46:32.272337,USA,Coinbase,182,150
TX52,WALLET002,131071,2026-04-17 20:46:32.272343,UK,Coinbase,300,320
TX53,WALLET004,1913,2025-12-17 20:46:32.272357,Germany,Kraken,828,28
TX54,WALLET004,2629,2025-12-08 20:46:32.272362,Pakistan,Kraken,902,36
TX55,WALLET001,3487,2025-09-23 20:46:32.272369,Pakistan,Kraken,628,259
TX56,WALLET002,115562,2025-11-18 20:46:32.272374,Germany,Coinbase,71,453
TX57,WALLET001,2404,2025-12-05 20:46:32.272379,Pakistan,Kraken,293,414
TX58,WALLET004,1942,2025-09-27 20:46:32.272385,Pakistan,Binance,758,216
TX59,WALLET005,3162,2026-02-05 20:46:32.272390,USA,Coinbase,414,280
TX60,WALLET005,3466,2025-10-18 20:46:32.272404,Russia,Coinbase,460,309
TX61,WALLET005,3545,2026-06-28 20:46:32.272410,Germany,Binance,26,438
TX62,WALLET004,1012,2025-11-15 20:46:32.272415,Pakistan,Kraken,241,138
TX63,WALLET001,1980,2026-06-19 20:46:32.272420,Russia,Coinbase,775,251
TX64,WALLET004,3445,2026-02-18 20:46:32.272425,USA,Kraken,819,317
TX65,WALLET001,1821,2026-06-20 20:46:32.272431,Germany,Binance,792,370
TX66,WALLET003,3361,2026-08-02 20:46:32.272436,Russia,Coinbase,216,286
TX67,WALLET001,1625,2026-08-11 20:46:32.272442,Germany,Binance,471,237
TX68,WALLET002,4829,2025-11-28 20:46:32.272447,UK,Coinbase,676,147
TX69,WALLET004,4960,2025-12-03 20:46:32.272463,Pakistan,Kraken,998,14
TX70,WALLET003,1275,2025-09-30 20:46:32.272470,Pakistan,Coinbase,181,125
TX71,WALLET001,4990,2025-12-03 20:46:32.272676,Russia,Binance,976,204
TX72,WALLET005,4454,2025-12-10 20:46:32.272703,Russia,Binance,414,276
TX73,WALLET003,62412,2026-04-17 20:46:32.272725,Germany,Kraken,493,433
TX74,WALLET004,3771,2026-05-07 20:46:32.272738,USA,Coinbase,316,278
TX75,WALLET003,2735,2025-10-03 20:46:32.272747,Germany,Coinbase,21,464
TX76,WALLET005,97969,2026-01-17 20:46:32.272758,USA,Kraken,76,490
TX77,WALLET005,2150,2026-08-24 20:46:32.272770,Russia,Coinbase,151,107
TX78,WALLET005,693,2026-05-04 20:46:32.272779,UK,Kraken,341,431
TX79,WALLET002,361,2025-10-21 20:46:32.272792,Pakistan,Coinbase,519,478
TX80,WALLET002,4704,2026-03-27 20:46:32.272810,UK,Coinbase,815,492
TX81,WALLET005,3810,2026-02-14 20:46:32.272827,Germany,Coinbase,981,358
TX82,WALLET003,3908,2025-11-19 20:46:32.272931,USA,Kraken,174,335
TX83,WALLET001,1405,2026-08-17 20:46:32.272946,Russia,Kraken,101,354
TX84,WALLET005,2783,2025-11-07 20:46:32.272964,UK,Coinbase,115,10
TX85,WALLET005,2058,2026-09-04 20:46:32.272976,USA,Kraken,408,79
TX86,WALLET004,2389,2026-07-30 20:46:32.272985,Germany,Kraken,334,33
TX87,WALLET001,4544,2025-09-24 20:46:32.273008,Germany,Coinbase,52,500
TX88,WALLET001,2474,2025-12-09 20:46:32.273037,Russia,Kraken,519,415
TX89,WALLET004,2218,2026-04-27 20:46:32.273043,Pakistan,Coinbase,223,58
TX90,WALLET005,3581,2025-11-22 20:46:32.273048,USA,Coinbase,400,256
TX91,WALLET004,2882,2026-04-17 20:46:32.273053,Russia,Binance,603,458
TX92,WALLET001,197,2025-10-20 20:46:32.273059,Pakistan,Binance,197,301
TX93,WALLET005,644,2025-11-21 20:46:32.273066,Russia,Kraken,631,15
TX94,WALLET005,3514,2026-06-08 20:46:32.273071,Pakistan,Kraken,845,153
TX95,WALLET001,65608,2026-06-22 20:46:32.273076,USA,Kraken,861,420
TX96,WALLET003,2254,2026-04-14 20:46:32.273082,UK,Coinbase,345,452
TX97,WALLET004,1930,2025-12-02 20:46:32.273087,Pakistan,Kraken,300,419
TX98,WALLET002,4833,2026-08-12 20:46:32.273092,Russia,Binance,357,155
TX99,WALLET002,2233,2026-03-10 20:46:32.273097,USA,Binance,567,286
TX100,WALLET002,4753,2026-09-03 20:46:32.273102,Germany,Coinbase,618,50
TX101,WALLET002,2522,2025-09-23 20:46:32.273108,UK,Coinbase,930,358
TX102,WALLET002,4566,2026-02-06 20:46:32.273122,Germany,Binance,411,377
TX103,WALLET005,2930,2026-01-29 20:46:32.273128,USA,Coinbase,102,108
TX104,WALLET004,3203,2026-07-14 20:46:32.273133,USA,Coinbase,762,50
TX105,WALLET004,1340,2026-02-17 20:46:32.273138,Pakistan,Binance,205,324
TX106,WALLET003,2079,2026-03-10 20:46:32.273144,UK,Kraken,58,403
TX107,WALLET005,277,2026-06-23 20:46:32.273149,USA,Binance,192,493
TX108,WALLET004,3358,2026-07-08 20:46:32.273163,Pakistan,Coinbase,862,240
TX109,WALLET002,3298,2026-02-20 20:46:32.273170,Russia,Binance,578,412
TX110,WALLET002,4740,2026-08-07 20:46:32.273175,USA,Binance,348,272
TX111,WALLET003,4244,2026-05-27 20:46:32.273180,UK,Kraken,840,240
TX112,WALLET003,118,2026-04-04 20:46:32.273185,Germany,Coinbase,803,384
TX113,WALLET002,4095,2025-11-19 20:46:32.273190,USA,Binance,443,385
TX114,WALLET002,3196,2026-01-30 20:46:32.273196,Germany,Binance,843,125
TX115,WALLET005,2171,2025-11-15 20:46:32.273201,USA,Kraken,270,156
TX116,WALLET003,4103,2026-06-25 20:46:32.273205,Pakistan,Binance,136,312
TX117,WALLET005,2578,2025-12-05 20:46:32.273219,Germany,Binance,392,306
TX118,WALLET004,3173,2026-05-07 20:46:32.273225,USA,Binance,454,360
TX119,WALLET001,117357,2026-07-13 20:46:32.273230,UK,Kraken,62,227
TX120,WALLET004,375,2025-12-25 20:46:32.273236,Russia,Kraken,750,90
TX121,WALLET003,245,2026-09-09 20:46:32.273241,USA,Coinbase,349,264
TX122,WALLET005,2615,2026-06-30 20:46:32.273246,Germany,Binance,114,402
TX123,WALLET001,1561,2026-05-23 20:46:32.273251,Russia,Kraken,596,306
TX124,WALLET005,4610,2026-03-02 20:46:32.273256,Pakistan,Coinbase,926,104
TX125,WALLET004,1046,2026-09-02 20:46:32.273261,USA,Coinbase,994,399
TX126,WALLET004,1030,2026-02-22 20:46:32.273266,Russia,Coinbase,339,184
TX127,WALLET002,4571,2025-10-30 20:46:32.273279,USA,Coinbase,720,183
TX128,WALLET002,2283,2026-09-13 20:46:32.273285,UK,Kraken,209,456
TX129,WALLET005,2697,2026-05-14 20:46:32.273291,Russia,Binance,373,285
TX130,WALLET004,3911,2026-07-17 20:46:32.273296,USA,Binance,205,300
TX131,WALLET002,3452,2025-12-28 20:46:32.273301,USA,Binance,15,456
TX132,WALLET003,2624,2026-02-13 20:46:32.273306,Russia,Binance,721,14
TX133,WALLET003,3873,2025-11-06 20:46:32.273311,Russia,Coinbase,354,318
TX134,WALLET002,2828,2026-02-16 20:46:32.273316,USA,Binance,229,439
TX135,WALLET003,3116,2026-04-18 20:46:32.273321,Russia,Coinbase,143,282
TX136,WALLET004,45,2026-09-02 20:46:32.273326,Russia,Binance,120,282
TX137,WALLET001,224,2026-06-29 20:46:32.273332,USA,Coinbase,545,188
TX138,WALLET005,2925,2026-06-29 20:46:32.273336,UK,Kraken,787,16
TX139,WALLET001,1645,2026-01-25 20:46:32.273341,Pakistan,Kraken,261,436
TX140,WALLET005,2660,2025-12-21 20:46:32.273346,USA,Kraken,999,32
TX141,WALLET001,4762,2026-01-24 20:46:32.273351,Pakistan,Coinbase,101,187
TX142,WALLET002,1810,2026-05-09 20:46:32.273356,Pakistan,Binance,873,130
TX143,WALLET004,450,2025-12-06 20:46:32.273361,Germany,Kraken,653,452
TX144,WALLET004,3764,2026-02-16 20:46:32.273367,UK,Kraken,954,43
TX145,WALLET005,3260,2026-01-06 20:46:32.273401,Germany,Coinbase,566,389
TX146,WALLET005,1216,2026-07-13 20:46:32.273407,USA,Kraken,198,246
TX147,WALLET004,4071,2026-05-26 20:46:32.273421,UK,Binance,126,274
TX148,WALLET003,1438,2026-03-10 20:46:32.273427,Germany,Coinbase,289,342
TX149,WALLET003,1693,2025-11-10 20:46:32.273433,Germany,Binance,382,74
TX150,WALLET005,3281,2025-12-14 20:46:32.273438,Russia,Coinbase,686,244
TX151,WALLET005,3023,2026-02-11 20:46:32.273444,Russia,Coinbase,256,148
TX152,WALLET001,2254,2026-03-11 20:46:32.273450,Pakistan,Kraken,554,185
TX153,WALLET002,3800,2026-01-28 20:46:32.273454,USA,Kraken,985,115
TX154,WALLET003,3041,2026-01-31 20:46:32.273459,USA,Kraken,171,130
TX155,WALLET004,3900,2026-05-02 20:46:32.273465,Russia,Coinbase,463,134
TX156,WALLET004,3608,2025-11-04 20:46:32.273470,UK,Binance,751,194
TX157,WALLET001,1034,2025-10-23 20:46:32.273475,Russia,Binance,70,330
TX158,WALLET004,1613,2025-10-10 20:46:32.273480,Germany,Binance,781,392
TX159,WALLET001,3581,2025-10-15 20:46:32.273486,USA,Binance,544,92
TX160,WALLET001,1722,2026-08-15 20:46:32.273509,UK,Kraken,390,10
TX161,WALLET001,2026,2026-02-05 20:46:32.273514,Pakistan,Binance,853,77
TX162,WALLET001,4849,2025-12-31 20:46:32.273519,UK,Binance,614,340
TX163,WALLET005,3008,2026-01-03 20:46:32.273525,UK,Kraken,756,57
TX164,WALLET005,558,2026-06-16 20:46:32.273530,USA,Coinbase,624,181
TX165,WALLET005,137339,2026-06-25 20:46:32.273536,Pakistan,Kraken,856,498
TX166,WALLET004,2376,2026-07-05 20:46:32.273565,UK,Coinbase,366,113
TX167,WALLET004,3603,2026-06-15 20:46:32.273571,Russia,Coinbase,429,320
TX168,WALLET003,1839,2026-03-29 20:46:32.273576,Pakistan,Coinbase,771,264
TX169,WALLET001,227,2026-06-17 20:46:32.273581,USA,Binance,418,18
TX170,WALLET003,4017,2025-12-17 20:46:32.273586,UK,Binance,633,62
TX171,WALLET002,1006,2026-08-24 20:46:32.273591,Russia,Coinbase,642,43
TX172,WALLET004,2596,2026-05-03 20:46:32.273596,Russia,Binance,32,231
TX173,WALLET003,3520,2026-01-20 20:46:32.273603,Pakistan,Kraken,685,461
TX174,WALLET005,4011,2026-06-25 20:46:32.273608,USA,Kraken,257,340
TX175,WALLET005,4514,2026-07-19 20:46:32.273613,Russia,Coinbase,531,432
TX176,WALLET005,3320,2025-11-19 20:46:32.273618,USA,Kraken,407,401
TX177,WALLET003,4917,2026-09-05 20:46:32.273622,Pakistan,Kraken,524,322
TX178,WALLET001,3016,2025-11-29 20:46:32.273628,Pakistan,Binance,526,301
TX179,WALLET002,274,2025-10-26 20:46:32.273632,USA,Coinbase,12,133
TX180,WALLET005,403,2026-09-09 20:46:32.273647,Pakistan,Coinbase,881,2
TX181,WALLET004,386,2025-12-26 20:46:32.273652,Pakistan,Binance,595,53
TX182,WALLET005,78480,2026-07-02 20:46:32.273658,Germany,Coinbase,454,313
TX183,WALLET003,164999,2026-07-13 20:46:32.273663,USA,Coinbase,163,401
TX184,WALLET004,3948,2026-02-03 20:46:32.273668,USA,Binance,120,323
TX185,WALLET001,2441,2026-06-28 20:46:32.273673,Pakistan,Binance,789,304
TX186,WALLET001,57767,2026-03-07 20:46:32.273687,Pakistan,Binance,468,7
TX187,WALLET001,4714,2025-12-24 20:46:32.273701,USA,Binance,266,186
TX188,WALLET002,1955,2026-03-04 20:46:32.273706,Pakistan,Coinbase,399,364
TX189,WALLET001,4543,2025-10-10 20:46:32.273711,Germany,Coinbase,768,167
TX190,WALLET002,3533,2026-05-20 20:46:32.273716,USA,Kraken,277,260
TX191,WALLET003,4932,2026-07-21 20:46:32.273721,Germany,Binance,304,459
TX192,WALLET003,4100,2026-05-12 20:46:32.273727,Pakistan,Binance,82,232
TX193,WALLET001,769,2026-07-13 20:46:32.273731,USA,Binance,174,356
TX194,WALLET002,2837,2026-01-10 20:46:32.273736,USA,Kraken,863,418
TX195,WALLET005,2485,2026-03-20 20:46:32.273741,Russia,Binance,742,437
TX196,WALLET002,1679,2026-08-07 20:46:32.273746,Russia,Coinbase,578,283
TX197,WALLET005,2622,2025-11-09 20:46:32.273751,Germany,Coinbase,18,202
TX198,WALLET001,52428,2026-08-10 20:46:32.273757,UK,Binance,276,434
TX199,WALLET001,4105,2025-11-03 20:46:32.273762,Russia,Coinbase,928,196
TX200,WALLET003,158,2026-04-13 20:46:32.273767,UK,Coinbase,72,33
TX201,WALLET004,1599,2025-09-28 20:46:32.273782,Pakistan,Coinbase,828,146
TX202,WALLET004,4891,2026-01-19 20:46:32.273787,USA,Binance,724,388
TX203,WALLET002,508,2025-10-03 20:46:32.273792,Pakistan,Binance,88,326
TX204,WALLET001,4991,2026-05-11 20:46:32.273798,UK,Kraken,214,495
TX205,WALLET005,4263,2026-01-11 20:46:32.273811,UK,Coinbase,343,98
TX206,WALLET003,4292,2026-07-07 20:46:32.273817,USA,Coinbase,347,282
TX207,WALLET004,2952,2026-04-20 20:46:32.273822,Pakistan,Kraken,654,259
TX208,WALLET002,4640,2026-04-08 20:46:32.273827,USA,Coinbase,167,66
TX209,WALLET002,322,2026-03-31 20:46:32.273832,Pakistan,Kraken,488,426
TX210,WALLET003,4377,2026-05-16 20:46:32.273837,USA,Coinbase,252,351
TX211,WALLET003,1958,2026-02-05 20:46:32.273843,USA,Binance,457,482
TX212,WALLET004,2184,2026-04-28 20:46:32.273848,Pakistan,Binance,86,96
TX213,WALLET002,524,2026-03-19 20:46:32.273853,Germany,Binance,478,236
TX214,WALLET001,661,2026-06-07 20:46:32.273857,USA,Coinbase,208,228
TX215,WALLET003,4019,2026-01-06 20:46:32.273862,Pakistan,Binance,439,452
TX216,WALLET001,4672,2026-07-14 20:46:32.273868,Pakistan,Binance,587,120
TX217,WALLET001,3313,2026-05-12 20:46:32.273873,Germany,Coinbase,945,226
TX218,WALLET005,2212,2026-04-20 20:46:32.273878,Pakistan,Kraken,842,237
TX219,WALLET002,3631,2026-06-23 20:46:32.273882,Russia,Binance,80,491
TX220,WALLET002,2960,2026-02-09 20:46:32.273887,Pakistan,Kraken,817,116
TX221,WALLET005,1780,2025-11-22 20:46:32.273892,USA,Coinbase,532,497
TX222,WALLET004,915,2026-02-08 20:46:32.273897,Germany,Coinbase,547,111
TX223,WALLET001,3713,2026-03-08 20:46:32.273902,Pakistan,Binance,621,159
TX224,WALLET004,3441,2026-01-04 20:46:32.273907,USA,Coinbase,11,272
TX225,WALLET005,2710,2026-04-10 20:46:32.273920,Russia,Coinbase,238,315
TX226,WALLET001,3806,2025-12-21 20:46:32.273926,Germany,Kraken,258,400
TX227,WALLET002,382,2026-05-16 20:46:32.273931,Pakistan,Binance,110,431
TX228,WALLET003,1144,2025-12-17 20:46:32.273936,UK,Kraken,963,440
TX229,WALLET005,4586,2026-03-06 20:46:32.273941,USA,Coinbase,148,235
TX230,WALLET002,4104,2025-09-28 20:46:32.273955,Germany,Kraken,702,417
TX231,WALLET003,1543,2026-05-17 20:46:32.273960,Pakistan,Coinbase,507,147
TX232,WALLET005,964,2026-08-06 20:46:32.273965,USA,Coinbase,222,311
TX233,WALLET002,2942,2026-01-13 20:46:32.273971,Pakistan,Binance,970,314
TX234,WALLET001,1624,2026-08-20 20:46:32.273976,Pakistan,Coinbase,920,382
TX235,WALLET005,1688,2025-11-03 20:46:32.273981,Germany,Kraken,851,340
TX236,WALLET004,4690,2026-05-03 20:46:32.273986,Pakistan,Kraken,209,91
TX237,WALLET004,2611,2025-12-05 20:46:32.273992,Germany,Kraken,69,15
TX238,WALLET004,2110,2026-07-06 20:46:32.273997,Germany,Kraken,993,390
TX239,WALLET005,1339,2026-03-10 20:46:32.274002,Germany,Coinbase,594,408
TX240,WALLET003,85811,2026-03-06 20:46:32.274008,Pakistan,Coinbase,902,24
TX241,WALLET001,4024,2026-07-19 20:46:32.274012,Russia,Kraken,89,271
TX242,WALLET004,3094,2026-08-02 20:46:32.274017,Russia,Binance,537,378
TX243,WALLET003,1215,2026-05-28 20:46:32.274022,Pakistan,Kraken,920,207
TX244,WALLET002,2023,2026-04-25 20:46:32.274044,Russia,Kraken,886,180
TX245,WALLET002,3266,2025-10-12 20:46:32.274049,Pakistan,Kraken,893,258
TX246,WALLET004,4551,2026-03-21 20:46:32.274054,Germany,Coinbase,862,285
TX247,WALLET001,3637,2026-04-09 20:46:32.274060,UK,Binance,385,59
TX248,WALLET002,3256,2026-06-03 20:46:32.274065,Russia,Binance,744,261
TX249,WALLET002,4145,2026-05-28 20:46:32.274070,UK,Kraken,752,254
TX250,WALLET002,930,2026-01-10 20:46:32.274075,UK,Kraken,650,442
TX251,WALLET003,1369,2026-07-18 20:46:32.274080,UK,Binance,237,276
TX252,WALLET002,831,2026-06-05 20:46:32.274085,Pakistan,Kraken,668,492
TX253,WALLET004,182,2026-06-30 20:46:32.274090,Germany,Coinbase,979,156
TX254,WALLET003,2909,2025-10-02 20:46:32.274095,Germany,Binance,51,195
TX255,WALLET001,2063,2025-12-05 20:46:32.274100,USA,Binance,743,179
TX256,WALLET004,3316,2025-11-22 20:46:32.274105,Pakistan,Coinbase,108,150
TX257,WALLET003,2591,2025-12-09 20:46:32.274110,Pakistan,Kraken,637,231
TX258,WALLET004,1591,2026-03-25 20:46:32.274115,UK,Binance,511,489
TX259,WALLET005,1254,2026-02-24 20:46:32.274127,Russia,Kraken,262,305
TX260,WALLET004,411,2026-04-13 20:46:32.274135,Germany,Coinbase,699,311
TX261,WALLET004,3371,2026-07-23 20:46:32.274140,USA,Binance,221,334
TX262,WALLET001,61890,2025-11-13 20:46:32.274146,Pakistan,Binance,145,343
TX263,WALLET003,4722,2026-01-31 20:46:32.274152,USA,Binance,492,147
TX264,WALLET004,2694,2026-07-11 20:46:32.274165,Russia,Binance,892,51
TX265,WALLET005,120,2026-02-16 20:46:32.274171,USA,Coinbase,385,283
TX266,WALLET001,199491,2026-07-03 20:46:32.274177,Pakistan,Kraken,785,263
TX267,WALLET005,1249,2026-03-24 20:46:32.274182,Russia,Binance,860,125
TX268,WALLET005,2754,2026-09-03 20:46:32.274187,Russia,Kraken,151,343
TX269,WALLET003,2678,2025-11-05 20:46:32.274193,UK,Coinbase,690,431
TX270,WALLET001,803,2025-11-12 20:46:32.274198,USA,Binance,158,309
TX271,WALLET001,2788,2026-04-13 20:46:32.274203,Pakistan,Coinbase,891,385
TX272,WALLET001,1152,2026-02-20 20:46:32.274217,Germany,Kraken,138,311
TX273,WALLET002,1843,2026-09-15 20:46:32.274222,Pakistan,Kraken,882,14
TX274,WALLET003,658,2026-05-08 20:46:32.274227,Russia,Binance,112,405
TX275,WALLET005,380,2026-01-23 20:46:32.274233,USA,Coinbase,65,30
TX276,WALLET001,67994,2025-12-15 20:46:32.274238,UK,Binance,525,248
TX277,WALLET004,4761,2026-04-08 20:46:32.274243,USA,Binance,508,281
TX278,WALLET004,1279,2025-12-27 20:46:32.274248,Russia,Binance,209,70
TX279,WALLET005,407,2025-10-29 20:46:32.274253,Germany,Coinbase,892,362
TX280,WALLET002,1358,2025-11-11 20:46:32.274258,Russia,Coinbase,504,191
TX281,WALLET003,3378,2026-05-29 20:46:32.274263,UK,Binance,363,190
TX282,WALLET003,1918,2026-07-03 20:46:32.274268,USA,Coinbase,146,476
TX283,WALLET002,4358,2025-11-27 20:46:32.274281,UK,Coinbase,454,81
TX284,WALLET002,4164,2026-01-27 20:46:32.274287,Russia,Kraken,584,7
TX285,WALLET004,4712,2026-03-02 20:46:32.274291,Germany,Coinbase,21,321
TX286,WALLET005,1687,2026-09-01 20:46:32.274297,Russia,Binance,613,343
TX287,WALLET004,115,2026-08-05 20:46:32.274302,Russia,Kraken,235,336
TX288,WALLET001,3684,2026-08-24 20:46:32.274307,Russia,Coinbase,527,51
TX289,WALLET005,3499,2026-01-30 20:46:32.274312,Germany,Binance,289,357
TX290,WALLET003,3021,2026-07-23 20:46:32.274317,Pakistan,Binance,964,439
TX291,WALLET002,616,2025-12-15 20:46:32.274322,USA,Binance,640,331
TX292,WALLET004,1367,2026-05-15 20:46:32.274327,UK,Binance,215,367
TX293,WALLET004,2006,2026-02-02 20:46:32.274332,UK,Coinbase,758,330
TX294,WALLET003,4613,2025-09-29 20:46:32.274337,Russia,Binance,814,111
TX295,WALLET004,3888,2026-06-24 20:46:32.274343,Pakistan,Binance,849,220
TX296,WALLET003,2221,2025-12-08 20:46:32.274347,UK,Coinbase,890,269
TX297,WALLET004,3226,2026-06-04 20:46:32.274352,USA,Binance,199,261
TX298,WALLET005,140949,2026-07-18 20:46:32.274358,Germany,Coinbase,954,74
TX299,WALLET003,50169,2025-10-04 20:46:32.274363,UK,Coinbase,998,46
TX300,WALLET003,1681,2026-05-20 20:46:32.274369,UK,Coinbase,517,315
TX301,WALLET003,1805,2025-12-06 20:46:32.274374,UK,Kraken,491,242
TX302,WALLET001,4828,2026-01-19 20:46:32.274379,Pakistan,Coinbase,232,483
TX303,WALLET003,4998,2026-04-17 20:46:32.274391,Pakistan,Kraken,304,161
TX304,WALLET004,4148,2026-05-23 20:46:32.274398,USA,Kraken,819,153
TX305,WALLET003,3801,2025-09-27 20:46:32.274403,Pakistan,Kraken,573,49
TX306,WALLET004,4290,2026-05-15 20:46:32.274408,Russia,Coinbase,163,387
TX307,WALLET001,3624,2025-10-22 20:46:32.274413,USA,Coinbase,671,56
TX308,WALLET004,4657,2025-10-16 20:46:32.274426,Germany,Binance,803,124
TX309,WALLET005,1675,2026-06-10 20:46:32.274433,Germany,Coinbase,963,99
TX310,WALLET004,4758,2026-02-07 20:46:32.274438,USA,Coinbase,20,463
TX311,WALLET002,2992,2025-11-04 20:46:32.274442,Germany,Coinbase,836,397
TX312,WALLET001,1693,2026-01-12 20:46:32.274448,Germany,Binance,186,195
TX313,WALLET005,3214,2026-08-01 20:46:32.274453,USA,Binance,370,242
TX314,WALLET005,1937,2026-01-21 20:46:32.274458,USA,Binance,367,38
TX315,WALLET005,157000,2026-01-29 20:46:32.274473,UK,Kraken,165,311
TX316,WALLET002,78,2025-09-23 20:46:32.274479,Russia,Kraken,630,247
TX317,WALLET004,188035,2026-02-18 20:46:32.274485,Russia,Binance,335,186
TX318,WALLET002,2770,2026-03-09 20:46:32.274517,Russia,Kraken,307,173
TX319,WALLET002,1278,2026-04-03 20:46:32.274523,USA,Coinbase,705,31
TX320,WALLET002,4028,2025-10-13 20:46:32.274560,Germany,Kraken,738,237
TX321,WALLET005,2745,2026-07-18 20:46:32.274567,Russia,Coinbase,465,438
TX322,WALLET002,4349,2026-06-14 20:46:32.274580,Germany,Kraken,509,343
TX323,WALLET003,590,2026-06-27 20:46:32.274586,USA,Binance,804,455
TX324,WALLET001,3678,2025-10-26 20:46:32.274591,USA,Coinbase,104,272
TX325,WALLET001,3542,2026-04-18 20:46:32.274596,Russia,Binance,519,167
TX326,WALLET001,1927,2026-04-22 20:46:32.274601,Pakistan,Kraken,148,209
TX327,WALLET005,4024,2026-06-02 20:46:32.274606,UK,Binance,38,187
TX328,WALLET003,135310,2025-12-13 20:46:32.274612,Germany,Kraken,656,346
TX329,WALLET002,51,2025-10-11 20:46:32.274617,UK,Kraken,163,334
TX330,WALLET003,73,2026-06-16 20:46:32.274622,UK,Coinbase,478,358
TX331,WALLET004,3969,2026-03-28 20:46:32.274627,Pakistan,Kraken,887,452
TX332,WALLET004,112037,2025-09-20 20:46:32.274633,Russia,Coinbase,578,74
TX333,WALLET001,1171,2026-02-09 20:46:32.274638,Germany,Kraken,211,125
TX334,WALLET003,4095,2025-12-21 20:46:32.274644,USA,Coinbase,950,294
TX335,WALLET003,3583,2025-10-13 20:46:32.274649,UK,Coinbase,525,364
TX336,WALLET005,1339,2026-09-10 20:46:32.274654,USA,Coinbase,75,5
TX337,WALLET001,4820,2026-04-02 20:46:32.274663,Germany,Kraken,753,365
TX338,WALLET004,3212,2025-11-01 20:46:32.274671,UK,Binance,121,465
TX339,WALLET003,1956,2026-07-21 20:46:32.274687,Pakistan,Binance,183,179
TX340,WALLET001,2519,2026-07-17 20:46:32.274698,Russia,Binance,793,0
TX341,WALLET004,2230,2026-06-29 20:46:32.274706,Pakistan,Kraken,935,490
TX342,WALLET001,2035,2025-12-23 20:46:32.274722,Russia,Kraken,966,491
TX343,WALLET004,2199,2026-02-17 20:46:32.274728,Pakistan,Coinbase,520,494
TX344,WALLET001,3685,2026-05-22 20:46:32.274733,Russia,Binance,88,261
TX345,WALLET005,318,2026-05-10 20:46:32.274738,USA,Binance,543,107
TX346,WALLET001,762,2026-08-23 20:46:32.274743,Pakistan,Coinbase,945,64
TX347,WALLET003,2293,2025-12-09 20:46:32.274749,Germany,Binance,852,196
TX348,WALLET005,653,2026-07-10 20:46:32.274753,Germany,Coinbase,386,330
TX349,WALLET002,78698,2026-05-18 20:46:32.274759,Russia,Binance,252,496
TX350,WALLET003,1190,2026-08-20 20:46:32.274764,Pakistan,Kraken,511,85
TX351,WALLET002,3962,2026-09-09 20:46:32.274769,Pakistan,Coinbase,373,383
TX352,WALLET005,4398,2025-12-12 20:46:32.274774,Germany,Kraken,194,312
TX353,WALLET002,1634,2026-08-05 20:46:32.274780,Russia,Coinbase,202,428
TX354,WALLET001,1102,2025-10-29 20:46:32.274785,Germany,Binance,713,409
TX355,WALLET005,1080,2026-04-25 20:46:32.274790,Germany,Coinbase,515,383
TX356,WALLET005,3524,2026-01-24 20:46:32.274796,Germany,Kraken,285,142
TX357,WALLET004,3458,2026-07-27 20:46:32.274810,UK,Binance,116,305
TX358,WALLET003,1556,2025-12-22 20:46:32.274815,UK,Coinbase,98,413
TX359,WALLET005,4353,2026-03-05 20:46:32.274820,Germany,Kraken,280,327
TX360,WALLET001,905,2025-12-22 20:46:32.274826,UK,Coinbase,47,330
TX361,WALLET001,1551,2025-11-05 20:46:32.274839,Russia,Kraken,583,399
TX362,WALLET002,3384,2026-04-30 20:46:32.274845,UK,Kraken,191,446
TX363,WALLET003,3404,2026-03-01 20:46:32.274850,UK,Coinbase,562,223
TX364,WALLET001,3222,2025-12-07 20:46:32.274855,UK,Kraken,673,403
TX365,WALLET002,1569,2026-03-04 20:46:32.274860,USA,Coinbase,411,197
TX366,WALLET001,2162,2026-09-13 20:46:32.274865,UK,Coinbase,637,485
TX367,WALLET004,3673,2026-04-06 20:46:32.274870,Russia,Binance,574,199
TX368,WALLET002,1040,2026-04-10 20:46:32.274876,Pakistan,Coinbase,415,494
TX369,WALLET005,2206,2025-12-29 20:46:32.274880,Pakistan,Kraken,484,121
TX370,WALLET001,1353,2026-05-12 20:46:32.274886,Germany,Coinbase,821,344
TX371,WALLET004,2923,2026-08-27 20:46:32.274891,Pakistan,Coinbase,703,480
TX372,WALLET003,3995,2025-10-16 20:46:32.274905,Pakistan,Coinbase,774,110
TX373,WALLET002,1584,2025-09-23 20:46:32.274911,USA,Kraken,695,466
TX374,WALLET001,4985,2026-02-16 20:46:32.274924,Germany,Coinbase,578,370
TX375,WALLET003,2541,2026-07-13 20:46:32.274930,Germany,Binance,467,466
TX376,WALLET002,1401,2026-05-08 20:46:32.274935,UK,Coinbase,802,196
TX377,WALLET005,790,2026-07-28 20:46:32.274940,USA,Kraken,112,300
TX378,WALLET001,4277,2025-10-15 20:46:32.274944,Germany,Coinbase,477,23
TX379,WALLET002,4652,2026-07-11 20:46:32.274949,UK,Kraken,589,169
TX380,WALLET003,2667,2026-05-28 20:46:32.274954,Germany,Binance,158,252
TX381,WALLET003,176487,2026-03-15 20:46:32.274968,Germany,Kraken,745,325
TX382,WALLET001,4718,2025-11-01 20:46:32.274974,Russia,Coinbase,727,188
TX383,WALLET002,61,2026-03-13 20:46:32.274979,UK,Binance,715,489
TX384,WALLET005,2105,2026-07-20 20:46:32.274984,Russia,Coinbase,725,141
TX385,WALLET005,3059,2026-08-22 20:46:32.274989,UK,Binance,61,212
TX386,WALLET001,3989,2026-09-05 20:46:32.274994,Pakistan,Binance,637,154
TX387,WALLET002,1024,2025-09-28 20:46:32.274999,UK,Coinbase,826,81
TX388,WALLET003,1331,2026-06-29 20:46:32.275004,Germany,Kraken,365,382
TX389,WALLET001,83,2026-04-09 20:46:32.275009,Russia,Kraken,554,264
TX390,WALLET001,1898,2026-05-18 20:46:32.275014,Germany,Coinbase,910,426
TX391,WALLET003,4327,2025-12-17 20:46:32.275019,USA,Kraken,633,346
TX392,WALLET001,969,2026-06-01 20:46:32.275024,USA,Kraken,36,299
TX393,WALLET003,4230,2025-11-08 20:46:32.275029,UK,Kraken,540,80
TX394,WALLET003,3883,2026-01-01 20:46:32.275034,UK,Kraken,729,304
TX395,WALLET002,3871,2025-11-05 20:46:32.275039,USA,Binance,434,368
TX396,WALLET003,581,2026-03-24 20:46:32.275044,USA,Kraken,723,409
TX397,WALLET004,3877,2025-12-11 20:46:32.275049,Russia,Coinbase,723,213
TX398,WALLET001,1027,2026-05-22 20:46:32.275054,Pakistan,Kraken,300,252
TX399,WALLET005,2765,2026-04-19 20:46:32.275059,Germany,Kraken,279,468
TX400,WALLET004,1616,2026-03-29 20:46:32.275080,Pakistan,Kraken,143,163
TX401,WALLET004,1236,2026-05-22 20:46:32.275087,Pakistan,Kraken,6,129
TX402,WALLET002,927,2025-12-24 20:46:32.275092,USA,Kraken,668,493
TX403,WALLET005,4639,2026-02-14 20:46:32.275097,UK,Coinbase,262,17
TX404,WALLET005,2757,2026-04-25 20:46:32.275102,Pakistan,Kraken,340,344
TX405,WALLET004,1731,2026-03-16 20:46:32.275107,USA,Coinbase,715,251
TX406,WALLET004,373,2026-04-08 20:46:32.275112,USA,Coinbase,397,318
TX407,WALLET001,2252,2025-10-19 20:46:32.275117,Germany,Kraken,554,469
TX408,WALLET004,3572,2026-06-18 20:46:32.275122,Russia,Binance,490,367
TX409,WALLET001,485,2025-09-25 20:46:32.275127,Pakistan,Kraken,472,204
TX410,WALLET004,485,2026-07-19 20:46:32.275132,Germany,Binance,905,383
TX411,WALLET001,3379,2026-02-15 20:46:32.275137,UK,Binance,29,67
TX412,WALLET005,624,2026-07-14 20:46:32.275142,Russia,Coinbase,868,424
TX413,WALLET005,2494,2026-02-13 20:46:32.275147,Pakistan,Binance,317,275
TX414,WALLET001,1618,2026-04-24 20:46:32.275152,Pakistan,Coinbase,974,213
TX415,WALLET004,3151,2026-05-28 20:46:32.275157,Pakistan,Coinbase,79,405
TX416,WALLET001,1734,2026-08-27 20:46:32.275162,Pakistan,Coinbase,670,303
TX417,WALLET002,169990,2026-04-11 20:46:32.275168,Russia,Kraken,30,97
TX418,WALLET001,3407,2026-07-10 20:46:32.275173,Germany,Coinbase,92,94
TX419,WALLET001,4385,2025-12-18 20:46:32.275178,Russia,Coinbase,575,240
TX420,WALLET001,2262,2026-03-25 20:46:32.275191,UK,Binance,756,178
TX421,WALLET001,1178,2026-07-03 20:46:32.275199,UK,Coinbase,749,444
TX422,WALLET002,4779,2026-05-18 20:46:32.275203,Russia,Binance,478,305
TX423,WALLET002,2263,2026-02-19 20:46:32.275208,UK,Kraken,949,25
TX424,WALLET001,4826,2026-08-11 20:46:32.275213,Germany,Coinbase,719,227
TX425,WALLET002,4103,2026-09-09 20:46:32.275218,USA,Coinbase,164,31
TX426,WALLET002,4022,2026-01-25 20:46:32.275223,Pakistan,Coinbase,586,181
TX427,WALLET003,2329,2026-07-12 20:46:32.275228,Pakistan,Binance,971,392
TX428,WALLET003,1370,2025-12-29 20:46:32.275233,USA,Coinbase,96,93
TX429,WALLET004,3933,2026-07-23 20:46:32.275238,Russia,Coinbase,399,440
TX430,WALLET005,1997,2025-11-04 20:46:32.275251,Pakistan,Binance,815,349
TX431,WALLET004,326,2026-03-07 20:46:32.275257,UK,Kraken,960,195
TX432,WALLET002,2065,2026-08-19 20:46:32.275262,USA,Binance,574,258
TX433,WALLET003,2874,2026-09-08 20:46:32.275267,Pakistan,Coinbase,478,64
TX434,WALLET003,3027,2026-05-07 20:46:32.275272,Germany,Coinbase,270,410
TX435,WALLET003,2651,2026-07-01 20:46:32.275285,UK,Kraken,486,2
TX436,WALLET003,661,2026-06-27 20:46:32.275291,USA,Binance,867,462
TX437,WALLET005,2329,2026-06-07 20:46:32.275296,Germany,Kraken,579,83
TX438,WALLET003,4494,2026-09-06 20:46:32.275300,USA,Kraken,803,330
TX439,WALLET003,513,2026-08-01 20:46:32.275313,USA,Kraken,686,497
TX440,WALLET003,3433,2026-09-11 20:46:32.275319,Pakistan,Kraken,907,105
TX441,WALLET004,163819,2025-11-15 20:46:32.275325,Pakistan,Kraken,921,191
TX442,WALLET005,4681,2025-10-14 20:46:32.275338,Germany,Kraken,775,70
TX443,WALLET001,1190,2026-08-18 20:46:32.275344,Pakistan,Binance,153,479
TX444,WALLET004,232,2026-07-09 20:46:32.275349,UK,Kraken,378,468
TX445,WALLET003,3364,2026-02-06 20:46:32.275354,USA,Coinbase,791,493
TX446,WALLET005,2214,2025-09-21 20:46:32.275359,USA,Coinbase,683,141
TX447,WALLET002,544,2026-02-06 20:46:32.275364,USA,Kraken,699,482
TX448,WALLET005,1755,2026-03-09 20:46:32.275369,Russia,Coinbase,518,112
TX449,WALLET003,864,2025-11-18 20:46:32.275373,Germany,Kraken,220,319
TX450,WALLET002,4975,2026-05-22 20:46:32.275378,UK,Coinbase,7,66
TX451,WALLET001,446,2026-06-11 20:46:32.275383,Germany,Binance,950,302
TX452,WALLET003,4330,2025-09-22 20:46:32.275388,Russia,Coinbase,970,44
TX453,WALLET002,2639,2026-02-01 20:46:32.275393,Pakistan,Kraken,875,299
TX454,WALLET005,4163,2026-06-13 20:46:32.275398,Germany,Coinbase,451,234
TX455,WALLET004,920,2026-03-06 20:46:32.275403,USA,Kraken,547,280
TX456,WALLET005,3991,2026-08-21 20:46:32.275408,UK,Binance,533,483
TX457,WALLET003,3481,2026-06-11 20:46:32.275414,UK,Binance,741,404
TX458,WALLET003,1225,2025-11-25 20:46:32.275420,Russia,Binance,950,253
TX459,WALLET002,1766,2026-07-04 20:46:32.275432,Russia,Coinbase,266,401
TX460,WALLET005,4671,2026-03-28 20:46:32.275438,Russia,Kraken,493,54
TX461,WALLET003,2615,2026-01-30 20:46:32.275443,UK,Coinbase,242,197
TX462,WALLET002,1121,2025-11-16 20:46:32.275448,Pakistan,Binance,833,137
TX463,WALLET003,295,2026-05-11 20:46:32.275453,UK,Binance,94,398
TX464,WALLET004,999,2025-12-12 20:46:32.275458,Russia,Kraken,834,53
TX465,WALLET005,1690,2026-07-14 20:46:32.275463,UK,Binance,452,312
TX466,WALLET005,4333,2026-02-23 20:46:32.275468,USA,Binance,973,274
TX467,WALLET005,4268,2025-11-03 20:46:32.275473,Germany,Binance,106,302
TX468,WALLET004,2146,2026-02-22 20:46:32.275478,Russia,Coinbase,49,211
TX469,WALLET002,4918,2026-04-25 20:46:32.275483,UK,Kraken,829,77
TX470,WALLET005,30,2026-05-16 20:46:32.275488,Pakistan,Coinbase,404,212
TX471,WALLET003,3178,2026-01-06 20:46:32.275512,USA,Kraken,393,427
TX472,WALLET001,1712,2025-10-20 20:46:32.275518,Russia,Binance,526,25
TX473,WALLET002,3670,2025-10-04 20:46:32.275523,Pakistan,Kraken,71,49
TX474,WALLET003,4721,2026-02-08 20:46:32.275529,USA,Kraken,126,43
TX475,WALLET002,2682,2026-02-18 20:46:32.275535,Pakistan,Kraken,921,80
TX476,WALLET001,3465,2026-04-15 20:46:32.275556,Russia,Coinbase,537,250
TX477,WALLET005,2004,2025-12-20 20:46:32.275561,Germany,Binance,451,258
TX478,WALLET001,854,2025-10-28 20:46:32.275574,UK,Binance,219,153
TX479,WALLET003,953,2025-10-04 20:46:32.275580,USA,Coinbase,772,269
TX480,WALLET005,3224,2025-11-02 20:46:32.275585,Germany,Coinbase,631,352
TX481,WALLET001,2707,2025-12-01 20:46:32.275590,UK,Kraken,992,337
TX482,WALLET004,4007,2026-02-20 20:46:32.275595,Pakistan,Binance,860,372
TX483,WALLET004,334,2026-01-29 20:46:32.275600,Pakistan,Kraken,129,133
TX484,WALLET002,4839,2026-05-31 20:46:32.275605,Germany,Coinbase,990,71
TX485,WALLET002,712,2026-02-20 20:46:32.275619,USA,Kraken,22,80
TX486,WALLET002,3702,2026-04-16 20:46:32.275625,UK,Kraken,128,168
TX487,WALLET002,3455,2026-03-24 20:46:32.275638,Germany,Coinbase,398,333
TX488,WALLET002,4036,2026-06-05 20:46:32.275643,Russia,Coinbase,857,307
TX489,WALLET002,2401,2025-10-26 20:46:32.275648,USA,Kraken,888,400
TX490,WALLET001,2343,2025-09-27 20:46:32.275653,UK,Kraken,482,418
TX491,WALLET005,3831,2026-04-12 20:46:32.275658,Pakistan,Coinbase,712,328
TX492,WALLET003,3420,2026-05-30 20:46:32.275663,UK,Kraken,725,418
TX493,WALLET003,3406,2026-05-11 20:46:32.275668,Germany,Binance,602,413
TX494,WALLET004,195000,2025-11-17 20:46:32.275676,Germany,Kraken,733,332
TX495,WALLET001,1196,2026-04-01 20:46:32.275693,Pakistan,Kraken,129,332
TX496,WALLET003,2848,2025-12-22 20:46:32.275706,Germany,Kraken,834,228
TX497,WALLET003,2418,2026-02-05 20:46:32.275713,UK,Binance,976,34
TX498,WALLET004,4514,2026-01-28 20:46:32.275728,UK,Kraken,272,70
TX499,WALLET004,656,2026-07-21 20:46:32.275741,UK,Coinbase,672,428
TX500,WALLET003,997,2026-04-26 20:46:32.275746,Russia,Coinbase,831,406
TX501,WALLET004,802,2026-06-30 20:46:32.275751,USA,Binance,657,316
TX502,WALLET002,2907,2026-02-16 20:46:32.275757,UK,Coinbase,82,323
TX503,WALLET004,4843,2026-05-15 20:46:32.275762,Pakistan,Coinbase,26,65
TX504,WALLET005,791,2026-05-19 20:46:32.275767,Germany,Coinbase,75,212
TX505,WALLET005,3768,2026-03-30 20:46:32.275772,Russia,Binance,847,441
TX506,WALLET004,2821,2025-10-07 20:46:32.275777,Russia,Coinbase,911,472
TX507,WALLET001,4692,2026-09-11 20:46:32.275781,Germany,Kraken,294,452
TX508,WALLET001,1363,2025-09-26 20:46:32.275787,Germany,Binance,932,343
TX509,WALLET002,441,2025-11-23 20:46:32.275792,Germany,Coinbase,117,428
TX510,WALLET001,4338,2026-06-23 20:46:32.275797,USA,Kraken,123,211
TX511,WALLET002,2252,2026-08-17 20:46:32.275802,UK,Kraken,688,256
TX512,WALLET003,2915,2025-12-14 20:46:32.275807,Germany,Coinbase,656,203
TX513,WALLET005,4070,2026-01-12 20:46:32.275812,Pakistan,Coinbase,176,62
TX514,WALLET002,110564,2026-08-16 20:46:32.275817,UK,Binance,585,120
TX515,WALLET003,4246,2026-04-12 20:46:32.275822,USA,Binance,317,91
TX516,WALLET005,2407,2026-06-22 20:46:32.275827,USA,Coinbase,669,183
TX517,WALLET003,531,2026-04-11 20:46:32.275839,UK,Coinbase,50,58
TX518,WALLET004,4428,2026-04-14 20:46:32.275846,USA,Kraken,719,298
TX519,WALLET004,693,2026-08-24 20:46:32.275851,Pakistan,Kraken,673,158
TX520,WALLET005,1758,2025-09-23 20:46:32.275856,Russia,Kraken,216,464
TX521,WALLET004,720,2026-06-11 20:46:32.275863,Germany,Binance,639,255
TX522,WALLET004,4968,2026-06-05 20:46:32.275868,UK,Binance,820,415
TX523,WALLET002,710,2026-07-11 20:46:32.275872,USA,Binance,125,382
TX524,WALLET003,696,2026-07-06 20:46:32.275878,Russia,Binance,408,240
TX525,WALLET003,4482,2026-09-10 20:46:32.275883,UK,Binance,446,277
TX526,WALLET001,3895,2026-07-18 20:46:32.275888,UK,Binance,109,460
TX527,WALLET002,77829,2026-05-08 20:46:32.275903,USA,Kraken,858,241
TX528,WALLET005,2380,2026-02-14 20:46:32.275908,UK,Coinbase,183,111
TX529,WALLET004,3179,2025-12-31 20:46:32.275914,USA,Kraken,144,243
TX530,WALLET001,4442,2025-11-28 20:46:32.275919,Pakistan,Binance,957,492
TX531,WALLET001,3774,2026-02-03 20:46:32.275924,Pakistan,Binance,2,419
TX532,WALLET004,3413,2026-05-02 20:46:32.275929,Russia,Binance,699,412
TX533,WALLET003,4040,2026-08-26 20:46:32.275934,Germany,Coinbase,609,494
TX534,WALLET001,2030,2025-11-05 20:46:32.275939,Russia,Kraken,614,154
TX535,WALLET004,1913,2026-06-21 20:46:32.275944,UK,Kraken,472,354
TX536,WALLET005,1700,2026-08-17 20:46:32.275949,Pakistan,Binance,832,426
TX537,WALLET005,121,2026-05-25 20:46:32.275961,UK,Kraken,162,225
TX538,WALLET003,3309,2025-09-22 20:46:32.275967,USA,Kraken,800,233
TX539,WALLET001,3248,2025-12-28 20:46:32.275973,Pakistan,Kraken,736,32
TX540,WALLET003,1700,2026-08-06 20:46:32.275978,USA,Kraken,923,86
TX541,WALLET001,2900,2025-11-03 20:46:32.275983,Germany,Binance,382,488
TX542,WALLET002,4870,2026-08-10 20:46:32.275988,Germany,Binance,69,129
TX543,WALLET003,1307,2026-06-07 20:46:32.275992,UK,Binance,520,410
TX544,WALLET003,51346,2026-01-25 20:46:32.276006,Pakistan,Binance,259,289
TX545,WALLET004,181297,2025-12-30 20:46:32.276012,USA,Kraken,795,281
TX546,WALLET005,2875,2025-10-18 20:46:32.276018,Germany,Coinbase,671,193
TX547,WALLET002,2390,2025-12-30 20:46:32.276023,USA,Binance,303,477
TX548,WALLET003,3411,2026-04-05 20:46:32.276028,Pakistan,Binance,422,57
TX549,WALLET003,2851,2026-04-18 20:46:32.276033,USA,Coinbase,686,228
TX550,WALLET004,2861,2026-08-06 20:46:32.276038,USA,Binance,722,475
TX551,WALLET002,1805,2026-08-06 20:46:32.276042,Pakistan,Coinbase,31,438
TX552,WALLET004,1651,2026-08-15 20:46:32.276047,Russia,Kraken,904,30
TX553,WALLET002,4381,2025-11-14 20:46:32.276053,Pakistan,Kraken,341,447
TX554,WALLET005,120662,2026-03-04 20:46:32.276059,Germany,Coinbase,976,487
TX555,WALLET005,2813,2026-06-17 20:46:32.276064,UK,Coinbase,188,465
TX556,WALLET003,3301,2025-11-03 20:46:32.276077,USA,Binance,892,31
TX557,WALLET003,4734,2025-11-18 20:46:32.276083,Germany,Kraken,314,241
TX558,WALLET001,1096,2026-08-27 20:46:32.276088,Russia,Binance,372,471
TX559,WALLET002,3335,2026-09-01 20:46:32.276093,USA,Binance,4,184
TX560,WALLET004,178,2026-08-16 20:46:32.276098,UK,Kraken,208,85
TX561,WALLET001,2328,2026-07-11 20:46:32.276103,UK,Kraken,23,205
TX562,WALLET003,4809,2026-08-19 20:46:32.276107,Russia,Coinbase,770,320
TX563,WALLET004,4855,2026-07-11 20:46:32.276122,Pakistan,Binance,119,42
TX564,WALLET001,1338,2025-10-05 20:46:32.276127,Germany,Kraken,358,385
TX565,WALLET005,4191,2025-12-03 20:46:32.276132,USA,Coinbase,479,420
TX566,WALLET005,1316,2025-10-30 20:46:32.276137,Germany,Coinbase,555,39
TX567,WALLET001,878,2026-07-27 20:46:32.276142,Pakistan,Binance,717,462
TX568,WALLET005,3697,2026-04-19 20:46:32.276147,Germany,Kraken,238,90
TX569,WALLET001,393,2026-06-18 20:46:32.276152,Russia,Kraken,705,2
TX570,WALLET004,4935,2026-02-28 20:46:32.276166,USA,Kraken,557,495
TX571,WALLET002,3233,2026-01-02 20:46:32.276172,Pakistan,Binance,225,255
TX572,WALLET001,2496,2025-12-31 20:46:32.276176,Germany,Binance,282,376
TX573,WALLET001,3544,2026-03-31 20:46:32.276181,Pakistan,Coinbase,616,265
TX574,WALLET004,2870,2026-03-31 20:46:32.276187,Russia,Coinbase,873,344
TX575,WALLET003,1891,2025-10-13 20:46:32.276192,Germany,Binance,48,424
TX576,WALLET004,1752,2026-06-11 20:46:32.276204,Russia,Kraken,479,183
TX577,WALLET004,4076,2026-05-06 20:46:32.276210,Germany,Coinbase,5,267
TX578,WALLET001,702,2025-10-19 20:46:32.276215,Germany,Binance,531,255
TX579,WALLET001,1403,2025-12-01 20:46:32.276220,Germany,Binance,603,209
TX580,WALLET002,2289,2025-11-06 20:46:32.276225,USA,Kraken,576,291
TX581,WALLET001,2131,2025-10-24 20:46:32.276230,UK,Binance,377,283
TX582,WALLET002,3194,2026-08-26 20:46:32.276235,Russia,Coinbase,32,247
TX583,WALLET004,3542,2025-09-24 20:46:32.276241,Russia,Coinbase,892,163
TX584,WALLET003,4255,2025-12-05 20:46:32.276246,Russia,Binance,288,451
TX585,WALLET002,1736,2026-01-27 20:46:32.276252,UK,Coinbase,996,372
TX586,WALLET002,2725,2026-05-26 20:46:32.276257,Russia,Binance,540,128
TX587,WALLET004,4090,2026-02-10 20:46:32.276262,UK,Binance,813,433
TX588,WALLET004,4827,2025-09-28 20:46:32.276267,Russia,Kraken,353,101
TX589,WALLET003,4004,2026-08-14 20:46:32.276272,Pakistan,Binance,661,180
TX590,WALLET003,1786,2025-10-13 20:46:32.276277,UK,Binance,42,309
TX591,WALLET002,1109,2026-08-27 20:46:32.276282,USA,Binance,944,24
TX592,WALLET004,682,2025-12-01 20:46:32.276287,Russia,Kraken,657,162
TX593,WALLET001,1803,2026-01-04 20:46:32.276293,Pakistan,Kraken,993,248
TX594,WALLET002,4723,2025-10-19 20:46:32.276299,Pakistan,Coinbase,310,183
TX595,WALLET005,131532,2026-06-04 20:46:32.276313,Germany,Kraken,906,178
TX596,WALLET004,4880,2025-09-23 20:46:32.276318,USA,Binance,874,24
TX597,WALLET004,79889,2026-02-04 20:46:32.276324,Pakistan,Binance,725,451
TX598,WALLET003,4887,2026-07-03 20:46:32.276329,Germany,Binance,497,297
TX599,WALLET003,1801,2025-10-30 20:46:32.276334,UK,Binance,199,305
TX600,WALLET003,1578,2025-10-30 20:46:32.276339,Germany,Coinbase,326,112
TX601,WALLET001,2867,2026-06-07 20:46:32.276353,Pakistan,Binance,674,131
TX602,WALLET003,73,2026-07-19 20:46:32.276358,Germany,Binance,734,492
TX603,WALLET003,1603,2025-11-17 20:46:32.276363,Germany,Coinbase,163,499
TX604,WALLET003,3358,2026-02-03 20:46:32.276368,Germany,Binance,632,495
TX605,WALLET004,329,2026-05-21 20:46:32.276373,USA,Binance,91,41
TX606,WALLET005,3719,2026-01-25 20:46:32.276378,Russia,Coinbase,756,418
TX607,WALLET003,1625,2025-12-17 20:46:32.276383,Russia,Binance,125,94
TX608,WALLET005,41,2026-02-03 20:46:32.276388,Pakistan,Kraken,519,191
TX609,WALLET005,3029,2026-06-18 20:46:32.276393,Russia,Binance,512,113
TX610,WALLET004,2907,2025-12-10 20:46:32.276398,Germany,Binance,63,489
TX611,WALLET005,3113,2026-01-26 20:46:32.276403,Pakistan,Binance,719,141
TX612,WALLET004,2078,2026-03-26 20:46:32.276416,UK,Binance,650,316
TX613,WALLET001,3404,2026-08-17 20:46:32.276421,UK,Binance,597,335
TX614,WALLET002,4762,2026-07-18 20:46:32.276427,UK,Coinbase,241,301
TX615,WALLET002,64,2025-10-02 20:46:32.276440,Pakistan,Binance,612,138
TX616,WALLET005,3309,2026-09-10 20:46:32.276446,UK,Binance,707,419
TX617,WALLET002,3149,2026-01-08 20:46:32.276450,Germany,Binance,995,324
TX618,WALLET001,550,2026-03-18 20:46:32.276455,Pakistan,Binance,459,138
TX619,WALLET005,603,2026-01-31 20:46:32.276461,Pakistan,Coinbase,1000,375
TX620,WALLET002,1375,2026-08-21 20:46:32.276465,Russia,Coinbase,474,385
TX621,WALLET001,3915,2026-06-03 20:46:32.276471,USA,Coinbase,348,216
TX622,WALLET005,1137,2026-04-14 20:46:32.276476,Russia,Binance,892,396
TX623,WALLET002,4158,2026-03-15 20:46:32.276481,Russia,Coinbase,961,436
TX624,WALLET003,100903,2026-02-25 20:46:32.276487,UK,Kraken,12,388
TX625,WALLET002,4612,2026-05-20 20:46:32.276510,USA,Binance,329,452
TX626,WALLET001,4418,2026-04-27 20:46:32.276515,Russia,Binance,394,215
TX627,WALLET002,1798,2026-02-23 20:46:32.276529,Pakistan,Kraken,795,199
TX628,WALLET001,4947,2026-07-15 20:46:32.276564,UK,Kraken,820,151
TX629,WALLET001,1222,2025-10-21 20:46:32.276571,UK,Binance,656,186
TX630,WALLET001,641,2026-01-27 20:46:32.276576,Pakistan,Kraken,885,447
TX631,WALLET002,936,2025-12-30 20:46:32.276581,UK,Kraken,291,455
TX632,WALLET002,4331,2025-09-23 20:46:32.276587,Germany,Coinbase,96,166
TX633,WALLET003,3630,2025-11-20 20:46:32.276592,Russia,Coinbase,90,486
TX634,WALLET004,1950,2025-10-29 20:46:32.276605,Germany,Coinbase,564,422
TX635,WALLET005,1445,2025-11-22 20:46:32.276612,UK,Kraken,828,110
TX636,WALLET005,2624,2026-01-01 20:46:32.276617,Pakistan,Coinbase,581,315
TX637,WALLET003,4240,2026-08-28 20:46:32.276622,Russia,Coinbase,32,18
TX638,WALLET004,3686,2026-04-01 20:46:32.276627,UK,Kraken,689,212
TX639,WALLET003,4171,2026-07-26 20:46:32.276632,USA,Kraken,953,500
TX640,WALLET003,2920,2026-07-27 20:46:32.276637,Russia,Binance,845,121
TX641,WALLET002,2722,2026-08-22 20:46:32.276642,Pakistan,Coinbase,977,78
TX642,WALLET002,3557,2026-04-19 20:46:32.276647,UK,Kraken,834,174
TX643,WALLET001,3543,2025-11-17 20:46:32.276652,Russia,Coinbase,857,213
TX644,WALLET002,857,2025-12-15 20:46:32.276657,USA,Binance,618,196
TX645,WALLET002,1832,2025-10-24 20:46:32.276662,Germany,Binance,234,37
TX646,WALLET003,1696,2026-05-10 20:46:32.276667,Russia,Binance,782,370
TX647,WALLET003,997,2025-10-04 20:46:32.276672,USA,Binance,758,225
TX648,WALLET005,143,2026-04-29 20:46:32.276677,UK,Binance,745,315
TX649,WALLET004,128,2025-12-23 20:46:32.276682,Pakistan,Binance,679,311
TX650,WALLET005,3426,2026-07-08 20:46:32.276687,Pakistan,Coinbase,185,469
TX651,WALLET004,4343,2025-12-15 20:46:32.276695,UK,Coinbase,493,305
TX652,WALLET001,4819,2025-10-04 20:46:32.276713,Russia,Binance,214,355
TX653,WALLET003,1498,2026-06-02 20:46:32.276725,Pakistan,Binance,109,201
TX654,WALLET001,3606,2026-08-21 20:46:32.276741,Pakistan,Kraken,79,78
TX655,WALLET004,3784,2026-08-14 20:46:32.276756,Germany,Kraken,867,361
TX656,WALLET001,4340,2026-06-22 20:46:32.276761,Russia,Coinbase,378,318
TX657,WALLET003,103,2026-09-19 20:46:32.276766,Russia,Kraken,624,414
TX658,WALLET004,4442,2025-11-11 20:46:32.276771,Pakistan,Binance,342,500
TX659,WALLET002,4933,2026-05-03 20:46:32.276784,USA,Kraken,605,400
TX660,WALLET002,4100,2026-05-02 20:46:32.276789,Germany,Binance,998,384
TX661,WALLET001,4617,2026-06-15 20:46:32.276794,USA,Binance,929,202
TX662,WALLET005,3430,2026-04-24 20:46:32.276799,Russia,Binance,643,35
TX663,WALLET005,1467,2025-11-24 20:46:32.276804,UK,Binance,19,58
TX664,WALLET001,3527,2026-04-28 20:46:32.276810,UK,Coinbase,532,270
TX665,WALLET003,1171,2025-12-01 20:46:32.276815,Pakistan,Kraken,163,401
TX666,WALLET003,3483,2025-11-24 20:46:32.276820,Russia,Kraken,541,89
TX667,WALLET001,1811,2026-07-19 20:46:32.276826,UK,Coinbase,724,400
TX668,WALLET004,4102,2026-07-13 20:46:32.276831,Germany,Kraken,306,262
TX669,WALLET002,2053,2026-02-24 20:46:32.276836,Pakistan,Coinbase,381,65
TX670,WALLET001,1230,2025-12-14 20:46:32.276841,USA,Kraken,303,7
TX671,WALLET003,206,2026-09-17 20:46:32.276846,Germany,Kraken,481,138
TX672,WALLET001,4096,2025-12-14 20:46:32.276851,UK,Coinbase,895,345
TX673,WALLET005,3609,2026-03-22 20:46:32.276866,Russia,Binance,268,420
TX674,WALLET003,3585,2026-05-03 20:46:32.276872,UK,Coinbase,737,303
TX675,WALLET004,1181,2025-12-24 20:46:32.276877,UK,Kraken,82,7
TX676,WALLET001,450,2025-12-20 20:46:32.276882,UK,Coinbase,115,120
TX677,WALLET002,3278,2026-05-10 20:46:32.276887,Russia,Coinbase,759,224
TX678,WALLET004,4115,2026-06-06 20:46:32.276892,USA,Binance,205,287
TX679,WALLET002,93164,2026-07-04 20:46:32.276897,USA,Coinbase,19,328
TX680,WALLET005,4637,2026-03-17 20:46:32.276903,Germany,Binance,80,410
TX681,WALLET004,1391,2026-05-10 20:46:32.276908,UK,Coinbase,518,327
TX682,WALLET003,1818,2026-05-06 20:46:32.276913,Pakistan,Binance,421,163
TX683,WALLET002,3226,2025-10-27 20:46:32.276917,Pakistan,Binance,157,390
TX684,WALLET004,2758,2025-11-06 20:46:32.276923,Russia,Binance,41,25
TX685,WALLET003,1477,2025-12-10 20:46:32.276928,Pakistan,Kraken,335,314
TX686,WALLET002,3139,2025-11-27 20:46:32.276933,Pakistan,Coinbase,590,2
TX687,WALLET002,198,2025-10-06 20:46:32.276938,UK,Binance,809,499
TX688,WALLET004,1991,2026-09-03 20:46:32.276944,UK,Coinbase,1,45
TX689,WALLET005,3910,2026-01-03 20:46:32.276949,Russia,Binance,648,363
TX690,WALLET004,1394,2026-07-26 20:46:32.276963,Russia,Coinbase,77,50
TX691,WALLET001,338,2025-12-11 20:46:32.276969,Pakistan,Binance,463,214
TX692,WALLET001,1099,2026-02-08 20:46:32.276973,Pakistan,Kraken,355,44
TX693,WALLET001,2792,2026-01-22 20:46:32.276986,Russia,Kraken,671,234
TX694,WALLET004,1775,2026-08-31 20:46:32.276992,Pakistan,Binance,373,106
TX695,WALLET003,2341,2026-08-27 20:46:32.276998,Germany,Binance,419,328
TX696,WALLET003,3715,2025-10-09 20:46:32.277003,Pakistan,Coinbase,56,287
TX697,WALLET001,1143,2025-11-26 20:46:32.277016,UK,Kraken,349,223
TX698,WALLET003,4695,2026-05-29 20:46:32.277021,Pakistan,Kraken,711,373
TX699,WALLET004,1254,2026-01-25 20:46:32.277027,Pakistan,Binance,342,467
TX700,WALLET004,1193,2026-05-09 20:46:32.277032,Russia,Kraken,216,309
TX701,WALLET001,4315,2026-01-31 20:46:32.277037,USA,Binance,136,354
TX702,WALLET005,4365,2026-01-27 20:46:32.277042,Germany,Binance,836,28
TX703,WALLET005,2223,2026-09-04 20:46:32.277047,Germany,Coinbase,14,384
TX704,WALLET004,51858,2026-02-19 20:46:32.277052,Germany,Binance,91,426
TX705,WALLET005,3095,2026-05-02 20:46:32.277057,Pakistan,Binance,807,265
TX706,WALLET002,4449,2025-11-11 20:46:32.277062,USA,Binance,340,468
TX707,WALLET003,4757,2026-07-08 20:46:32.277067,USA,Coinbase,429,64
TX708,WALLET005,2840,2025-11-21 20:46:32.277072,Russia,Coinbase,788,321
TX709,WALLET001,2926,2026-01-06 20:46:32.277077,Pakistan,Coinbase,649,215
TX710,WALLET004,4932,2026-09-08 20:46:32.277082,USA,Kraken,949,307
TX711,WALLET002,376,2026-03-20 20:46:32.277087,USA,Binance,969,471
TX712,WALLET004,2611,2025-10-28 20:46:32.277099,Russia,Kraken,472,183
TX713,WALLET004,2668,2025-10-09 20:46:32.277105,Russia,Kraken,287,55
TX714,WALLET002,4421,2026-09-19 20:46:32.277110,Germany,Binance,485,447
TX715,WALLET003,3187,2026-04-29 20:46:32.277115,Russia,Kraken,369,368
TX716,WALLET005,114642,2026-02-18 20:46:32.277128,USA,Coinbase,355,206
TX717,WALLET005,141,2025-09-24 20:46:32.277134,UK,Binance,143,330
TX718,WALLET002,3211,2026-08-10 20:46:32.277139,Russia,Coinbase,932,431
TX719,WALLET005,1700,2025-12-08 20:46:32.277144,Russia,Binance,924,8
TX720,WALLET005,2245,2025-10-29 20:46:32.277149,Pakistan,Coinbase,100,488
TX721,WALLET003,1320,2026-03-01 20:46:32.277154,UK,Binance,161,192
TX722,WALLET001,2132,2026-09-12 20:46:32.277160,Pakistan,Coinbase,630,103
TX723,WALLET004,2473,2026-04-14 20:46:32.277165,UK,Coinbase,400,450
TX724,WALLET005,3162,2026-06-16 20:46:32.277170,UK,Coinbase,604,340
TX725,WALLET004,2019,2025-12-13 20:46:32.277175,Russia,Binance,281,278
TX726,WALLET005,3580,2026-04-29 20:46:32.277180,USA,Coinbase,100,352
TX727,WALLET001,163,2026-08-03 20:46:32.277185,Pakistan,Binance,304,371
TX728,WALLET001,3686,2025-12-08 20:46:32.277190,UK,Binance,263,71
TX729,WALLET004,3107,2026-01-19 20:46:32.277195,Germany,Binance,539,221
TX730,WALLET001,523,2026-06-29 20:46:32.277200,Germany,Kraken,305,414
TX731,WALLET003,2749,2026-06-14 20:46:32.277205,UK,Binance,797,109
TX732,WALLET002,3616,2025-11-19 20:46:32.277218,USA,Binance,170,291
TX733,WALLET002,4070,2026-07-23 20:46:32.277225,Germany,Kraken,51,363
TX734,WALLET003,1608,2026-03-12 20:46:32.277230,USA,Kraken,644,256
TX735,WALLET001,1355,2026-02-27 20:46:32.277235,UK,Binance,906,379
TX736,WALLET001,1623,2026-05-24 20:46:32.277240,Russia,Binance,51,268
TX737,WALLET002,146982,2026-09-13 20:46:32.277246,UK,Kraken,554,393
TX738,WALLET003,2061,2026-07-02 20:46:32.277251,USA,Binance,951,258
TX739,WALLET004,3450,2025-10-29 20:46:32.277256,USA,Coinbase,353,381
TX740,WALLET005,3515,2026-01-22 20:46:32.277271,USA,Binance,962,115
TX741,WALLET004,256,2026-08-03 20:46:32.277276,UK,Binance,639,56
TX742,WALLET003,122,2026-06-23 20:46:32.277281,Germany,Coinbase,691,207
TX743,WALLET001,523,2026-02-17 20:46:32.277286,Russia,Coinbase,232,87
TX744,WALLET005,1817,2026-01-04 20:46:32.277291,Pakistan,Coinbase,198,303
TX745,WALLET004,2514,2026-04-09 20:46:32.277296,UK,Binance,986,348
TX746,WALLET004,57144,2026-01-27 20:46:32.277301,Pakistan,Kraken,177,288
TX747,WALLET001,130,2026-08-12 20:46:32.277306,USA,Kraken,774,466
TX748,WALLET004,2177,2026-05-14 20:46:32.277312,Russia,Binance,533,192
TX749,WALLET004,3483,2025-10-29 20:46:32.277316,Pakistan,Coinbase,214,460
TX750,WALLET004,666,2026-09-12 20:46:32.277322,UK,Coinbase,27,45
TX751,WALLET003,2275,2026-08-01 20:46:32.277334,USA,Binance,561,224
TX752,WALLET005,2994,2026-09-12 20:46:32.277340,Pakistan,Binance,721,128
TX753,WALLET005,104098,2026-02-18 20:46:32.277346,UK,Binance,906,489
TX754,WALLET002,1126,2025-11-12 20:46:32.277359,USA,Coinbase,180,472
TX755,WALLET005,1678,2026-02-19 20:46:32.277364,UK,Coinbase,329,64
TX756,WALLET004,2709,2026-06-24 20:46:32.277370,Pakistan,Binance,780,392
TX757,WALLET002,2411,2025-12-19 20:46:32.277375,UK,Binance,11,181
TX758,WALLET001,1340,2026-02-08 20:46:32.277380,Russia,Kraken,58,34
TX759,WALLET003,3430,2026-08-17 20:46:32.277385,Russia,Coinbase,674,9
TX760,WALLET001,1056,2025-09-24 20:46:32.277390,USA,Kraken,985,316
TX761,WALLET005,617,2026-04-19 20:46:32.277397,Germany,Kraken,328,166
TX762,WALLET001,3136,2026-05-07 20:46:32.277402,UK,Coinbase,859,54
TX763,WALLET002,347,2025-10-25 20:46:32.277407,USA,Coinbase,329,475
TX764,WALLET005,2727,2025-10-19 20:46:32.277413,Germany,Binance,588,413
TX765,WALLET003,3498,2026-03-20 20:46:32.277418,USA,Coinbase,605,345
TX766,WALLET002,2663,2025-10-01 20:46:32.277423,USA,Kraken,584,290
TX767,WALLET001,4453,2025-12-19 20:46:32.277428,UK,Kraken,94,242
TX768,WALLET004,766,2025-10-17 20:46:32.277434,Pakistan,Kraken,743,360
TX769,WALLET004,4188,2026-02-08 20:46:32.277438,Germany,Coinbase,999,366
TX770,WALLET005,4345,2025-11-27 20:46:32.277444,Germany,Kraken,745,336
TX771,WALLET003,2701,2026-03-08 20:46:32.277457,Germany,Coinbase,514,319
TX772,WALLET003,658,2026-05-15 20:46:32.277463,Pakistan,Kraken,296,418
TX773,WALLET004,4716,2026-03-01 20:46:32.277475,USA,Kraken,743,313
TX774,WALLET004,4766,2026-07-18 20:46:32.277481,UK,Kraken,18,114
TX775,WALLET002,2528,2026-02-01 20:46:32.277486,USA,Coinbase,397,368
TX776,WALLET001,2420,2025-12-13 20:46:32.277509,USA,Coinbase,770,272
TX777,WALLET001,4123,2026-08-01 20:46:32.277514,UK,Coinbase,269,134
TX778,WALLET002,1800,2025-10-14 20:46:32.277519,USA,Binance,529,13
TX779,WALLET001,448,2026-02-04 20:46:32.277538,Pakistan,Kraken,857,438
TX780,WALLET003,997,2026-07-24 20:46:32.277543,Russia,Coinbase,135,222
TX781,WALLET001,989,2026-01-19 20:46:32.277548,Germany,Coinbase,506,153
TX782,WALLET003,3757,2026-05-27 20:46:32.277562,UK,Binance,120,422
TX783,WALLET001,3967,2026-05-26 20:46:32.277568,Germany,Binance,815,467
TX784,WALLET002,2247,2025-10-21 20:46:32.277573,USA,Kraken,3,460
TX785,WALLET001,773,2025-09-29 20:46:32.277578,Russia,Coinbase,720,43
TX786,WALLET003,2313,2026-08-18 20:46:32.277584,Pakistan,Binance,861,311
TX787,WALLET005,2954,2025-10-22 20:46:32.277588,UK,Binance,393,242
TX788,WALLET003,4722,2025-12-15 20:46:32.277594,USA,Binance,316,264
TX789,WALLET005,2081,2026-07-01 20:46:32.277612,USA,Coinbase,565,31
TX790,WALLET001,4038,2026-08-17 20:46:32.277625,Pakistan,Kraken,735,360
TX791,WALLET005,2036,2025-10-30 20:46:32.277631,Germany,Coinbase,207,46
TX792,WALLET005,2025,2026-05-13 20:46:32.277636,USA,Binance,525,423
TX793,WALLET002,22,2026-03-12 20:46:32.277641,Russia,Coinbase,518,357
TX794,WALLET002,1340,2026-04-08 20:46:32.277647,USA,Kraken,701,218
TX795,WALLET001,2575,2026-06-08 20:46:32.277652,Pakistan,Coinbase,885,345
TX796,WALLET003,3117,2026-07-13 20:46:32.277657,Pakistan,Binance,696,40
TX797,WALLET001,138100,2026-09-17 20:46:32.277663,Pakistan,Binance,624,120
TX798,WALLET004,1930,2026-08-20 20:46:32.277668,UK,Kraken,124,279
TX799,WALLET002,1313,2026-05-02 20:46:32.277673,Germany,Binance,509,176
TX800,WALLET001,1448,2026-03-31 20:46:32.277679,Pakistan,Coinbase,363,156
TX801,WALLET001,1472,2026-04-28 20:46:32.277684,USA,Binance,957,289
TX802,WALLET002,3017,2026-07-31 20:46:32.277689,Pakistan,Kraken,573,4
TX803,WALLET003,4303,2026-08-31 20:46:32.277694,Russia,Kraken,466,319
TX804,WALLET001,4789,2026-09-01 20:46:32.277699,UK,Coinbase,462,374
TX805,WALLET004,1628,2026-05-04 20:46:32.277704,Germany,Binance,912,164
TX806,WALLET005,3307,2026-02-23 20:46:32.277710,USA,Binance,181,493
TX807,WALLET004,78,2026-09-04 20:46:32.277724,Germany,Coinbase,780,105
TX808,WALLET005,2389,2025-11-07 20:46:32.277736,Pakistan,Kraken,234,152
TX809,WALLET004,2908,2026-02-07 20:46:32.277745,Russia,Binance,198,137
TX810,WALLET002,2058,2025-11-08 20:46:32.277760,Pakistan,Kraken,327,265
TX811,WALLET001,4183,2026-01-16 20:46:32.277767,Pakistan,Binance,413,161
TX812,WALLET004,134910,2025-10-29 20:46:32.277773,UK,Coinbase,544,214
TX813,WALLET004,1722,2025-10-05 20:46:32.277778,USA,Kraken,987,443
TX814,WALLET002,773,2026-04-03 20:46:32.277783,USA,Coinbase,946,270
TX815,WALLET001,1957,2026-09-02 20:46:32.277788,Germany,Kraken,735,165
TX816,WALLET005,164349,2025-11-23 20:46:32.277794,UK,Coinbase,224,268
TX817,WALLET005,239,2026-08-21 20:46:32.277799,Germany,Kraken,198,477
TX818,WALLET001,2240,2025-09-25 20:46:32.277812,USA,Binance,801,485
TX819,WALLET005,59506,2026-04-20 20:46:32.277819,Russia,Coinbase,320,201
TX820,WALLET001,455,2026-01-05 20:46:32.277823,Germany,Coinbase,346,472
TX821,WALLET003,4457,2025-10-27 20:46:32.277828,Germany,Coinbase,157,46
TX822,WALLET001,2607,2025-10-14 20:46:32.277834,Pakistan,Kraken,517,320
TX823,WALLET005,4855,2026-04-23 20:46:32.277839,Russia,Binance,395,447
TX824,WALLET004,1761,2026-02-03 20:46:32.277844,Pakistan,Binance,779,119
TX825,WALLET001,804,2026-09-09 20:46:32.277858,UK,Binance,247,420
TX826,WALLET003,3343,2026-08-05 20:46:32.277863,Russia,Coinbase,893,498
TX827,WALLET004,2007,2026-04-04 20:46:32.277868,Pakistan,Binance,110,106
TX828,WALLET005,2602,2026-07-27 20:46:32.277873,Pakistan,Binance,693,73
TX829,WALLET001,2092,2025-11-14 20:46:32.277885,USA,Coinbase,854,21
TX830,WALLET003,4062,2025-11-06 20:46:32.277891,Pakistan,Coinbase,889,248
TX831,WALLET001,849,2026-07-28 20:46:32.277904,UK,Kraken,260,484
TX832,WALLET001,1688,2025-10-18 20:46:32.277909,Germany,Coinbase,111,285
TX833,WALLET001,3695,2026-08-30 20:46:32.277915,Russia,Coinbase,621,472
TX834,WALLET001,4865,2026-04-13 20:46:32.277920,Pakistan,Binance,492,491
TX835,WALLET002,874,2026-03-06 20:46:32.277925,Russia,Coinbase,173,310
TX836,WALLET005,1181,2025-12-03 20:46:32.277930,USA,Coinbase,646,80
TX837,WALLET004,298,2026-03-20 20:46:32.277935,Germany,Binance,226,257
TX838,WALLET001,793,2026-06-12 20:46:32.277940,Germany,Binance,747,414
TX839,WALLET002,3755,2026-04-25 20:46:32.277945,Russia,Kraken,338,128
TX840,WALLET004,652,2026-04-10 20:46:32.277951,Pakistan,Kraken,787,169
TX841,WALLET004,1960,2026-05-03 20:46:32.277955,Pakistan,Kraken,324,340
TX842,WALLET002,4821,2026-06-20 20:46:32.277961,Russia,Binance,796,62
TX843,WALLET003,2807,2026-04-15 20:46:32.277966,UK,Binance,698,436
TX844,WALLET005,51756,2026-04-01 20:46:32.277972,Russia,Binance,447,276
TX845,WALLET004,2213,2026-07-15 20:46:32.277977,Pakistan,Coinbase,464,402
TX846,WALLET003,4031,2025-12-05 20:46:32.277982,USA,Coinbase,889,360
TX847,WALLET003,1248,2025-10-24 20:46:32.277987,UK,Binance,632,10
TX848,WALLET001,3436,2026-03-06 20:46:32.277992,Pakistan,Coinbase,886,369
TX849,WALLET005,2987,2026-08-21 20:46:32.278005,Russia,Kraken,676,65
TX850,WALLET002,2914,2025-11-05 20:46:32.278011,Russia,Binance,148,369
TX851,WALLET004,102960,2025-11-02 20:46:32.278017,Russia,Kraken,116,478
TX852,WALLET001,4366,2025-10-29 20:46:32.278022,Pakistan,Kraken,191,7
TX853,WALLET005,1662,2026-09-01 20:46:32.278027,UK,Kraken,756,119
TX854,WALLET005,876,2026-07-04 20:46:32.278032,UK,Coinbase,351,28
TX855,WALLET003,2421,2026-05-17 20:46:32.278037,Russia,Coinbase,559,21
TX856,WALLET003,2279,2025-10-14 20:46:32.278042,USA,Coinbase,221,55
TX857,WALLET004,824,2026-06-20 20:46:32.278047,USA,Coinbase,62,471
TX858,WALLET001,4208,2026-06-08 20:46:32.278052,UK,Coinbase,639,204
TX859,WALLET002,2550,2026-07-01 20:46:32.278057,USA,Kraken,396,500
TX860,WALLET005,3831,2026-06-29 20:46:32.278062,Germany,Binance,907,498
TX861,WALLET004,707,2026-06-29 20:46:32.278068,Germany,Coinbase,404,77
TX862,WALLET005,430,2026-07-27 20:46:32.278074,Russia,Coinbase,408,380
TX863,WALLET001,180,2025-10-23 20:46:32.278079,USA,Coinbase,706,64
TX864,WALLET004,3292,2026-07-05 20:46:32.278084,Germany,Kraken,550,75
TX865,WALLET003,4044,2026-01-02 20:46:32.278089,Russia,Binance,706,260
TX866,WALLET004,1382,2026-01-10 20:46:32.278094,Germany,Kraken,995,319
TX867,WALLET005,3183,2025-11-26 20:46:32.278107,Russia,Kraken,266,490
TX868,WALLET001,942,2026-08-14 20:46:32.278120,Germany,Kraken,681,371
TX869,WALLET002,2462,2026-05-15 20:46:32.278126,USA,Coinbase,61,28
TX870,WALLET004,3411,2026-04-14 20:46:32.278131,UK,Binance,833,281
TX871,WALLET005,3692,2025-11-25 20:46:32.278137,Germany,Binance,80,391
TX872,WALLET001,3640,2026-07-07 20:46:32.278141,Pakistan,Coinbase,288,408
TX873,WALLET002,1012,2026-07-05 20:46:32.278146,Russia,Binance,944,184
TX874,WALLET004,2400,2026-06-27 20:46:32.278151,Germany,Binance,570,165
TX875,WALLET005,2479,2026-02-08 20:46:32.278156,Pakistan,Binance,924,92
TX876,WALLET003,614,2026-05-18 20:46:32.278161,UK,Binance,383,73
TX877,WALLET005,4024,2026-05-05 20:46:32.278166,Russia,Coinbase,382,228
TX878,WALLET001,661,2026-08-26 20:46:32.278171,Germany,Kraken,709,68
TX879,WALLET003,692,2026-06-19 20:46:32.278176,UK,Coinbase,704,317
TX880,WALLET005,127384,2026-08-17 20:46:32.278182,Russia,Binance,542,491
TX881,WALLET003,4780,2025-11-06 20:46:32.278187,Pakistan,Coinbase,710,306
TX882,WALLET004,3099,2026-02-25 20:46:32.278204,UK,Coinbase,760,42
TX883,WALLET005,1017,2026-05-08 20:46:32.278209,USA,Kraken,977,73
TX884,WALLET001,2425,2026-02-06 20:46:32.278222,UK,Kraken,121,125
TX885,WALLET001,4408,2026-02-21 20:46:32.278228,Russia,Binance,422,384
TX886,WALLET003,3391,2026-09-17 20:46:32.278234,USA,Kraken,627,17
TX887,WALLET002,544,2026-04-18 20:46:32.278238,USA,Kraken,790,439
TX888,WALLET004,4044,2025-11-14 20:46:32.278251,UK,Binance,852,232
TX889,WALLET001,4550,2026-04-11 20:46:32.278257,UK,Binance,955,492
TX890,WALLET002,4308,2026-01-27 20:46:32.278262,Pakistan,Binance,245,75
TX891,WALLET001,2011,2026-07-10 20:46:32.278267,UK,Binance,572,448
TX892,WALLET001,1350,2026-07-09 20:46:32.278272,Russia,Kraken,148,339
TX893,WALLET005,1682,2026-05-30 20:46:32.278277,UK,Coinbase,751,382
TX894,WALLET002,3095,2025-12-17 20:46:32.278282,UK,Coinbase,525,72
TX895,WALLET002,4435,2026-01-04 20:46:32.278287,Germany,Coinbase,594,375
TX896,WALLET001,3093,2025-12-26 20:46:32.278292,USA,Kraken,5,114
TX897,WALLET003,563,2026-06-01 20:46:32.278298,Pakistan,Coinbase,528,293
TX898,WALLET004,4967,2025-12-06 20:46:32.278303,Germany,Binance,131,351
TX899,WALLET003,223,2026-09-19 20:46:32.278309,USA,Binance,855,93
TX900,WALLET004,2172,2026-02-04 20:46:32.278314,UK,Kraken,752,35
TX901,WALLET005,3348,2026-07-01 20:46:32.278319,USA,Coinbase,120,93
TX902,WALLET005,1829,2026-04-20 20:46:32.278325,UK,Kraken,152,338
TX903,WALLET001,1768,2026-04-07 20:46:32.278330,Russia,Binance,724,271
TX904,WALLET002,1930,2026-04-04 20:46:32.278335,USA,Kraken,477,327
TX905,WALLET004,4691,2026-04-21 20:46:32.278340,Russia,Binance,128,204
TX906,WALLET005,530,2026-06-05 20:46:32.278344,Pakistan,Coinbase,575,255
TX907,WALLET001,1388,2025-10-31 20:46:32.278357,Pakistan,Binance,186,369
TX908,WALLET003,2132,2026-07-24 20:46:32.278363,USA,Kraken,116,19
TX909,WALLET005,1077,2026-05-18 20:46:32.278368,Germany,Kraken,427,80
TX910,WALLET001,3568,2025-12-22 20:46:32.278382,UK,Binance,833,489
TX911,WALLET001,614,2026-04-07 20:46:32.278387,UK,Kraken,279,67
TX912,WALLET001,3070,2026-01-04 20:46:32.278392,UK,Binance,86,206
TX913,WALLET004,4259,2026-01-10 20:46:32.278398,UK,Binance,946,164
TX914,WALLET001,4219,2025-12-17 20:46:32.278402,USA,Coinbase,100,89
TX915,WALLET001,35,2026-06-17 20:46:32.278407,Russia,Kraken,81,159
TX916,WALLET005,146,2026-03-18 20:46:32.278412,Russia,Binance,154,424
TX917,WALLET001,2873,2026-08-18 20:46:32.278417,Germany,Binance,849,154
TX918,WALLET005,926,2026-01-28 20:46:32.278422,USA,Kraken,25,358
TX919,WALLET002,146940,2026-03-12 20:46:32.278427,Pakistan,Kraken,372,166
TX920,WALLET001,4986,2026-08-18 20:46:32.278432,UK,Kraken,537,350
TX921,WALLET002,218,2025-10-19 20:46:32.278437,USA,Binance,555,105
TX922,WALLET005,4820,2026-02-05 20:46:32.278442,Pakistan,Kraken,936,187
TX923,WALLET005,4319,2026-04-15 20:46:32.278447,Pakistan,Kraken,513,213
TX924,WALLET005,1175,2025-11-25 20:46:32.278451,USA,Coinbase,202,141
TX925,WALLET003,2198,2025-12-01 20:46:32.278457,Russia,Coinbase,416,176
TX926,WALLET001,3446,2026-02-14 20:46:32.278462,UK,Kraken,629,238
TX927,WALLET002,1873,2026-01-18 20:46:32.278475,Russia,Binance,415,219
TX928,WALLET004,1728,2026-08-24 20:46:32.278481,Pakistan,Kraken,530,213
TX929,WALLET005,52874,2026-01-24 20:46:32.278486,USA,Binance,284,9
TX930,WALLET002,3369,2025-12-23 20:46:32.278509,Russia,Binance,4,39
TX931,WALLET002,2207,2025-10-08 20:46:32.278514,Russia,Kraken,421,98
TX932,WALLET002,398,2025-11-25 20:46:32.278520,USA,Binance,665,149
TX933,WALLET002,4469,2026-01-19 20:46:32.278539,USA,Binance,376,324
TX934,WALLET004,502,2026-07-28 20:46:32.278559,Germany,Kraken,528,434
TX935,WALLET005,189763,2026-08-12 20:46:32.278565,Germany,Binance,843,495
TX936,WALLET002,4552,2026-03-12 20:46:32.278570,UK,Kraken,508,469
TX937,WALLET001,3306,2026-06-02 20:46:32.278840,Pakistan,Binance,997,340
TX938,WALLET002,199457,2026-03-04 20:46:32.278846,Pakistan,Binance,478,485
TX939,WALLET001,1569,2026-09-16 20:46:32.278852,UK,Kraken,42,44
TX940,WALLET005,1306,2025-10-10 20:46:32.278857,Russia,Binance,756,80
TX941,WALLET005,2714,2026-05-11 20:46:32.278862,Pakistan,Coinbase,402,424
TX942,WALLET003,3022,2026-01-01 20:46:32.278867,Pakistan,Coinbase,966,91
TX943,WALLET001,4790,2026-08-22 20:46:32.278873,Pakistan,Binance,501,168
TX944,WALLET004,1740,2026-04-05 20:46:32.278878,Germany,Coinbase,230,472
TX945,WALLET001,1644,2026-05-27 20:46:32.278896,Pakistan,Kraken,806,193
TX946,WALLET001,3322,2026-04-08 20:46:32.278910,Russia,Kraken,45,275
TX947,WALLET001,50,2026-04-28 20:46:32.278916,USA,Binance,58,391
TX948,WALLET003,3863,2026-08-10 20:46:32.278929,USA,Kraken,666,348
TX949,WALLET003,873,2026-04-20 20:46:32.278935,Germany,Coinbase,244,300
TX950,WALLET004,4206,2026-02-07 20:46:32.278940,Russia,Kraken,254,193
TX951,WALLET003,3715,2026-07-30 20:46:32.278945,UK,Binance,672,3
TX952,WALLET004,2848,2025-10-03 20:46:32.278960,Russia,Binance,637,224
TX953,WALLET004,1909,2026-06-21 20:46:32.278965,USA,Kraken,946,140
TX954,WALLET002,3260,2026-04-17 20:46:32.278970,USA,Kraken,869,235
TX955,WALLET002,4815,2026-09-17 20:46:32.278975,Germany,Binance,796,467
TX956,WALLET003,4272,2025-12-03 20:46:32.278980,UK,Kraken,877,4
TX957,WALLET003,3739,2025-10-05 20:46:32.278985,USA,Binance,431,457
TX958,WALLET005,1783,2026-06-29 20:46:32.278990,USA,Kraken,92,4
TX959,WALLET003,521,2026-04-20 20:46:32.278995,USA,Coinbase,582,77
TX960,WALLET005,1802,2025-12-25 20:46:32.279001,USA,Kraken,1,288
TX961,WALLET002,1226,2026-06-02 20:46:32.279006,Pakistan,Coinbase,310,177
TX962,WALLET003,697,2025-10-07 20:46:32.279011,Pakistan,Binance,457,261
TX963,WALLET004,3076,2026-07-26 20:46:32.279016,UK,Kraken,671,145
TX964,WALLET002,3698,2026-03-11 20:46:32.279021,USA,Kraken,599,344
TX965,WALLET005,823,2026-08-08 20:46:32.279025,Germany,Binance,293,348
TX966,WALLET002,146786,2026-05-12 20:46:32.279040,UK,Coinbase,1000,433
TX967,WALLET004,1683,2026-01-09 20:46:32.279046,UK,Coinbase,20,130
TX968,WALLET003,191,2026-06-13 20:46:32.279051,Germany,Coinbase,886,104
TX969,WALLET003,3669,2026-01-25 20:46:32.279056,Pakistan,Binance,306,97
TX970,WALLET003,2671,2026-01-26 20:46:32.279061,USA,Binance,910,63
TX971,WALLET001,780,2026-01-06 20:46:32.279066,USA,Binance,86,196
TX972,WALLET001,3494,2026-01-03 20:46:32.279071,Germany,Binance,181,168
TX973,WALLET005,3568,2026-06-02 20:46:32.279079,Russia,Coinbase,990,122
TX974,WALLET004,2396,2026-04-27 20:46:32.279084,Germany,Binance,687,285
TX975,WALLET003,4284,2026-08-11 20:46:32.279089,Russia,Binance,310,459
TX976,WALLET002,3847,2026-06-12 20:46:32.279094,Russia,Coinbase,682,400
TX977,WALLET004,458,2025-11-10 20:46:32.279099,Russia,Coinbase,288,297
TX978,WALLET003,3893,2026-01-25 20:46:32.279104,Germany,Binance,297,48
TX979,WALLET004,2381,2026-05-03 20:46:32.279109,USA,Coinbase,534,431
TX980,WALLET004,1313,2026-03-01 20:46:32.279114,Pakistan,Coinbase,860,271
TX981,WALLET002,1670,2026-04-02 20:46:32.279119,Germany,Kraken,459,253
TX982,WALLET005,2190,2025-12-05 20:46:32.279124,Pakistan,Kraken,672,289
TX983,WALLET002,2954,2025-12-03 20:46:32.279129,USA,Kraken,650,194
TX984,WALLET003,2274,2026-03-01 20:46:32.279135,Russia,Kraken,995,147
TX985,WALLET002,1717,2026-08-14 20:46:32.279148,UK,Kraken,782,395
TX986,WALLET002,264,2026-05-14 20:46:32.279154,Russia,Binance,527,76
TX987,WALLET004,2939,2026-07-06 20:46:32.279160,Pakistan,Binance,3,1
TX988,WALLET002,174412,2025-10-09 20:46:32.279165,Russia,Binance,552,264
TX989,WALLET002,3775,2026-01-03 20:46:32.279170,UK,Kraken,835,322
TX990,WALLET002,991,2026-08-15 20:46:32.279176,USA,Coinbase,864,460
TX991,WALLET003,1082,2025-12-18 20:46:32.279181,UK,Coinbase,307,376
TX992,WALLET004,1203,2025-11-28 20:46:32.279186,Germany,Kraken,763,127
TX993,WALLET002,2474,2026-02-11 20:46:32.279191,Germany,Binance,462,365
TX994,WALLET004,1491,2026-06-12 20:46:32.279195,Russia,Binance,751,409
TX995,WALLET002,3845,2026-04-13 20:46:32.279210,USA,Binance,654,340
TX996,WALLET004,192842,2026-05-19 20:46:32.279216,Pakistan,Kraken,606,120
TX997,WALLET005,4792,2025-10-20 20:46:32.279221,UK,Kraken,759,84
TX998,WALLET002,4110,2026-03-21 20:46:32.279226,Germany,Kraken,812,432
TX999,WALLET001,574,2025-10-27 20:46:32.279231,UK,Kraken,689,426
